{
    "path_count": 146,
    "parsed_path_count": 146,
    "static_analysis_path_count": 12,
    "static_analysis_parsed_path_count": 12,
    "is_partial_parse_enabled": true,
    "is_static_analysis_enabled": true,
    "read_files_elapsed": 0.17782971099995848,
    "load_macros_elapsed": 0.3724312640001699,
    "parse_project_elapsed": 0.31400816900031714,
    "patch_sources_elapsed": 0.015288634999706119,
    "process_manifest_elapsed": 0.019713343000148598,
    "load_all_elapsed": 0.9729960610002308,
    "projects": [
        {
            "project_name": "letterboxd",
            "elapsed": 0.30844097699991835,
            "parsers": [
                {
                    "parser": "model",
                    "elapsed": 0.20330907100014883,
                    "parsed_path_count": 12
                },
                {
                    "parser": "test",
                    "elapsed": 0.09374700199987274,
                    "parsed_path_count": 2
                }
            ],
            "parsed_path_count": 14
        },
        {
            "project_name": "dbt_postgres",
            "elapsed": 0.0031484989999626123,
            "parsers": [],
            "parsed_path_count": 0
        },
        {
            "project_name": "dbt",
            "elapsed": 0.0023220520001814293,
            "parsers": [
                {
                    "parser": "doc",
                    "elapsed": 0.00013358300020627212,
                    "parsed_path_count": 1
                }
            ],
            "parsed_path_count": 1
        }
    ]
}